{"created": 1643111498.927926, "duration": 0.02621316909790039, "exitcode": 0, "root": "/Users/songy/Codes/Code States/Section5/ds-sa-linkedlist", "environment": {"Python": "3.8.12", "Platform": "macOS-10.16-x86_64-i386-64bit", "Packages": {"pytest": "6.2.3", "py": "1.10.0", "pluggy": "0.13.1"}, "Plugins": {"metadata": "1.11.0", "json-report": "1.4.1", "submit": "1.3.3"}}, "summary": {"passed": 8, "total": 8, "collected": 8}, "collectors": [{"nodeid": "", "outcome": "passed", "result": [{"nodeid": "tests/Part_1/__init__.py", "type": "Package"}, {"nodeid": "tests/Part_2/__init__.py", "type": "Package"}, {"nodeid": "tests/Part_3/__init__.py", "type": "Package"}]}, {"nodeid": "tests/Part_1/__init__.py", "outcome": "passed", "result": []}, {"nodeid": "tests/Part_1/Part_1.py", "outcome": "passed", "result": [{"nodeid": "tests/Part_1/Part_1.py::test_part1_Queue_working_normally", "type": "Function", "lineno": 25}, {"nodeid": "tests/Part_1/Part_1.py::test_part1_Stack_working_normally", "type": "Function", "lineno": 50}]}, {"nodeid": "tests/Part_1/__init__.py", "outcome": "passed", "result": [{"nodeid": "tests/Part_1/__init__.py", "type": "Module"}, {"nodeid": "tests/Part_1/Part_1.py", "type": "Module"}]}, {"nodeid": "tests/Part_2/__init__.py", "outcome": "passed", "result": []}, {"nodeid": "tests/Part_2/Part_2.py", "outcome": "passed", "result": [{"nodeid": "tests/Part_2/Part_2.py::test_part2_working_normally", "type": "Function", "lineno": 11}]}, {"nodeid": "tests/Part_2/__init__.py", "outcome": "passed", "result": [{"nodeid": "tests/Part_2/__init__.py", "type": "Module"}, {"nodeid": "tests/Part_2/Part_2.py", "type": "Module"}]}, {"nodeid": "tests/Part_3/__init__.py", "outcome": "passed", "result": []}, {"nodeid": "tests/Part_3/Part_3.py", "outcome": "passed", "result": [{"nodeid": "tests/Part_3/Part_3.py::test_part1_Queue_append", "type": "Function", "lineno": 11}, {"nodeid": "tests/Part_3/Part_3.py::test_part1_Queue_pop", "type": "Function", "lineno": 31}, {"nodeid": "tests/Part_3/Part_3.py::test_part1_Queue_appendleft", "type": "Function", "lineno": 54}, {"nodeid": "tests/Part_3/Part_3.py::test_part1_Queue_popleft", "type": "Function", "lineno": 75}, {"nodeid": "tests/Part_3/Part_3.py::test_part1_Queue_working_normally", "type": "Function", "lineno": 97}]}, {"nodeid": "tests/Part_3/__init__.py", "outcome": "passed", "result": [{"nodeid": "tests/Part_3/__init__.py", "type": "Module"}, {"nodeid": "tests/Part_3/Part_3.py", "type": "Module"}]}], "tests": [{"nodeid": "tests/Part_1/Part_1.py::test_part1_Queue_working_normally", "lineno": 25, "outcome": "passed", "keywords": ["Part_1.py", "tests/Part_1/__init__.py", "ds-sa-linkedlist", "timeout", "test_part1_Queue_working_normally", "pytestmark"], "setup": {"duration": 0.0021935419999999928, "outcome": "passed"}, "call": {"duration": 0.00015287499999999676, "outcome": "passed"}, "teardown": {"duration": 0.00012137499999997914, "outcome": "passed"}}, {"nodeid": "tests/Part_1/Part_1.py::test_part1_Stack_working_normally", "lineno": 50, "outcome": "passed", "keywords": ["Part_1.py", "tests/Part_1/__init__.py", "ds-sa-linkedlist", "test_part1_Stack_working_normally", "timeout", "pytestmark"], "setup": {"duration": 0.0001326660000000035, "outcome": "passed"}, "call": {"duration": 0.00011449999999996185, "outcome": "passed"}, "teardown": {"duration": 0.00014704200000004164, "outcome": "passed"}}, {"nodeid": "tests/Part_2/Part_2.py::test_part2_working_normally", "lineno": 11, "outcome": "passed", "keywords": ["test_part2_working_normally", "Part_2.py", "ds-sa-linkedlist", "tests/Part_2/__init__.py", "timeout", "pytestmark"], "setup": {"duration": 0.0008163749999999803, "outcome": "passed"}, "call": {"duration": 0.0001355419999999885, "outcome": "passed"}, "teardown": {"duration": 9.370900000005289e-05, "outcome": "passed"}}, {"nodeid": "tests/Part_3/Part_3.py::test_part1_Queue_append", "lineno": 11, "outcome": "passed", "keywords": ["tests/Part_3/__init__.py", "ds-sa-linkedlist", "timeout", "pytestmark", "test_part1_Queue_append", "Part_3.py"], "setup": {"duration": 0.0006156250000000085, "outcome": "passed"}, "call": {"duration": 0.00010612500000001246, "outcome": "passed"}, "teardown": {"duration": 9.104200000004115e-05, "outcome": "passed"}}, {"nodeid": "tests/Part_3/Part_3.py::test_part1_Queue_pop", "lineno": 31, "outcome": "passed", "keywords": ["tests/Part_3/__init__.py", "test_part1_Queue_pop", "ds-sa-linkedlist", "timeout", "pytestmark", "Part_3.py"], "setup": {"duration": 0.00019891700000002066, "outcome": "passed"}, "call": {"duration": 0.0001238329999999621, "outcome": "passed"}, "teardown": {"duration": 9.691700000002967e-05, "outcome": "passed"}}, {"nodeid": "tests/Part_3/Part_3.py::test_part1_Queue_appendleft", "lineno": 54, "outcome": "passed", "keywords": ["test_part1_Queue_appendleft", "tests/Part_3/__init__.py", "ds-sa-linkedlist", "timeout", "pytestmark", "Part_3.py"], "setup": {"duration": 0.00013054099999998403, "outcome": "passed"}, "call": {"duration": 0.00010529199999997907, "outcome": "passed"}, "teardown": {"duration": 8.950000000002012e-05, "outcome": "passed"}}, {"nodeid": "tests/Part_3/Part_3.py::test_part1_Queue_popleft", "lineno": 75, "outcome": "passed", "keywords": ["tests/Part_3/__init__.py", "ds-sa-linkedlist", "test_part1_Queue_popleft", "timeout", "pytestmark", "Part_3.py"], "setup": {"duration": 0.00011145800000000872, "outcome": "passed"}, "call": {"duration": 0.00010129199999997507, "outcome": "passed"}, "teardown": {"duration": 9.091599999999644e-05, "outcome": "passed"}}, {"nodeid": "tests/Part_3/Part_3.py::test_part1_Queue_working_normally", "lineno": 97, "outcome": "passed", "keywords": ["tests/Part_3/__init__.py", "ds-sa-linkedlist", "timeout", "test_part1_Queue_working_normally", "Part_3.py", "pytestmark"], "setup": {"duration": 0.00011279199999997269, "outcome": "passed"}, "call": {"duration": 0.00012183300000001562, "outcome": "passed"}, "teardown": {"duration": 8.929199999996307e-05, "outcome": "passed"}}], "warnings": [{"message": "Unknown pytest.mark.timeout - is this a typo?  You can register custom marks to avoid this warning - for details, see https://docs.pytest.org/en/stable/mark.html", "category": "PytestUnknownMarkWarning", "when": "collect", "filename": "/Users/songy/Codes/Code States/Section5/ds-sa-linkedlist/tests/Part_1/Part_1.py", "lineno": 26}, {"message": "Unknown pytest.mark.timeout - is this a typo?  You can register custom marks to avoid this warning - for details, see https://docs.pytest.org/en/stable/mark.html", "category": "PytestUnknownMarkWarning", "when": "collect", "filename": "/Users/songy/Codes/Code States/Section5/ds-sa-linkedlist/tests/Part_1/Part_1.py", "lineno": 51}, {"message": "Unknown pytest.mark.timeout - is this a typo?  You can register custom marks to avoid this warning - for details, see https://docs.pytest.org/en/stable/mark.html", "category": "PytestUnknownMarkWarning", "when": "collect", "filename": "/Users/songy/Codes/Code States/Section5/ds-sa-linkedlist/tests/Part_2/Part_2.py", "lineno": 12}, {"message": "Unknown pytest.mark.timeout - is this a typo?  You can register custom marks to avoid this warning - for details, see https://docs.pytest.org/en/stable/mark.html", "category": "PytestUnknownMarkWarning", "when": "collect", "filename": "/Users/songy/Codes/Code States/Section5/ds-sa-linkedlist/tests/Part_3/Part_3.py", "lineno": 12}, {"message": "Unknown pytest.mark.timeout - is this a typo?  You can register custom marks to avoid this warning - for details, see https://docs.pytest.org/en/stable/mark.html", "category": "PytestUnknownMarkWarning", "when": "collect", "filename": "/Users/songy/Codes/Code States/Section5/ds-sa-linkedlist/tests/Part_3/Part_3.py", "lineno": 32}, {"message": "Unknown pytest.mark.timeout - is this a typo?  You can register custom marks to avoid this warning - for details, see https://docs.pytest.org/en/stable/mark.html", "category": "PytestUnknownMarkWarning", "when": "collect", "filename": "/Users/songy/Codes/Code States/Section5/ds-sa-linkedlist/tests/Part_3/Part_3.py", "lineno": 55}, {"message": "Unknown pytest.mark.timeout - is this a typo?  You can register custom marks to avoid this warning - for details, see https://docs.pytest.org/en/stable/mark.html", "category": "PytestUnknownMarkWarning", "when": "collect", "filename": "/Users/songy/Codes/Code States/Section5/ds-sa-linkedlist/tests/Part_3/Part_3.py", "lineno": 76}, {"message": "Unknown pytest.mark.timeout - is this a typo?  You can register custom marks to avoid this warning - for details, see https://docs.pytest.org/en/stable/mark.html", "category": "PytestUnknownMarkWarning", "when": "collect", "filename": "/Users/songy/Codes/Code States/Section5/ds-sa-linkedlist/tests/Part_3/Part_3.py", "lineno": 98}]}