{"created": 1643197754.347521, "duration": 0.02064800262451172, "exitcode": 0, "root": "/Users/songy/Codes/Code States/Section5/ds-sa-recursion", "environment": {"Python": "3.8.12", "Platform": "macOS-10.16-x86_64-i386-64bit", "Packages": {"pytest": "6.2.3", "py": "1.10.0", "pluggy": "0.13.1"}, "Plugins": {"metadata": "1.11.0", "json-report": "1.4.1", "submit": "1.3.3", "timeout": "1.4.2"}}, "summary": {"passed": 8, "total": 8, "collected": 8}, "collectors": [{"nodeid": "", "outcome": "passed", "result": [{"nodeid": "tests/Part_1/__init__.py", "type": "Package"}, {"nodeid": "tests/Part_2/__init__.py", "type": "Package"}, {"nodeid": "tests/Part_3/__init__.py", "type": "Package"}]}, {"nodeid": "tests/Part_1/__init__.py", "outcome": "passed", "result": []}, {"nodeid": "tests/Part_1/Part_1.py", "outcome": "passed", "result": [{"nodeid": "tests/Part_1/Part_1.py::test_oneto100_return_correct_answer", "type": "Function", "lineno": 9}, {"nodeid": "tests/Part_1/Part_1.py::test_oneto100_is_recursion", "type": "Function", "lineno": 19}, {"nodeid": "tests/Part_1/Part_1.py::test_factor_return_correct_answer", "type": "Function", "lineno": 24}, {"nodeid": "tests/Part_1/Part_1.py::test_factor_is_recursion", "type": "Function", "lineno": 35}]}, {"nodeid": "tests/Part_1/__init__.py", "outcome": "passed", "result": [{"nodeid": "tests/Part_1/__init__.py", "type": "Module"}, {"nodeid": "tests/Part_1/Part_1.py", "type": "Module"}]}, {"nodeid": "tests/Part_2/__init__.py", "outcome": "passed", "result": []}, {"nodeid": "tests/Part_2/Part_2.py", "outcome": "passed", "result": [{"nodeid": "tests/Part_2/Part_2.py::test_part2_working_normally", "type": "Function", "lineno": 9}, {"nodeid": "tests/Part_2/Part_2.py::test_part2_class_methods", "type": "Function", "lineno": 31}]}, {"nodeid": "tests/Part_2/__init__.py", "outcome": "passed", "result": [{"nodeid": "tests/Part_2/__init__.py", "type": "Module"}, {"nodeid": "tests/Part_2/Part_2.py", "type": "Module"}]}, {"nodeid": "tests/Part_3/__init__.py", "outcome": "passed", "result": []}, {"nodeid": "tests/Part_3/Part_3.py", "outcome": "passed", "result": [{"nodeid": "tests/Part_3/Part_3.py::test_part3_working_normally", "type": "Function", "lineno": 9}, {"nodeid": "tests/Part_3/Part_3.py::test_part3_is_recursion", "type": "Function", "lineno": 21}]}, {"nodeid": "tests/Part_3/__init__.py", "outcome": "passed", "result": [{"nodeid": "tests/Part_3/__init__.py", "type": "Module"}, {"nodeid": "tests/Part_3/Part_3.py", "type": "Module"}]}], "tests": [{"nodeid": "tests/Part_1/Part_1.py::test_oneto100_return_correct_answer", "lineno": 9, "outcome": "passed", "keywords": ["test_oneto100_return_correct_answer", "tests/Part_1/__init__.py", "ds-sa-recursion", "Part_1.py"], "setup": {"duration": 0.0007695830000000181, "outcome": "passed"}, "call": {"duration": 0.0003270419999999996, "outcome": "passed"}, "teardown": {"duration": 0.00010804200000003039, "outcome": "passed"}}, {"nodeid": "tests/Part_1/Part_1.py::test_oneto100_is_recursion", "lineno": 19, "outcome": "passed", "keywords": ["tests/Part_1/__init__.py", "test_oneto100_is_recursion", "ds-sa-recursion", "Part_1.py"], "setup": {"duration": 0.00011816700000000235, "outcome": "passed"}, "call": {"duration": 8.483300000000638e-05, "outcome": "passed"}, "teardown": {"duration": 8.579200000002896e-05, "outcome": "passed"}}, {"nodeid": "tests/Part_1/Part_1.py::test_factor_return_correct_answer", "lineno": 24, "outcome": "passed", "keywords": ["test_factor_return_correct_answer", "tests/Part_1/__init__.py", "ds-sa-recursion", "Part_1.py"], "setup": {"duration": 0.00010904200000000364, "outcome": "passed"}, "call": {"duration": 0.0001035839999999899, "outcome": "passed"}, "teardown": {"duration": 8.854199999996926e-05, "outcome": "passed"}}, {"nodeid": "tests/Part_1/Part_1.py::test_factor_is_recursion", "lineno": 35, "outcome": "passed", "keywords": ["tests/Part_1/__init__.py", "ds-sa-recursion", "test_factor_is_recursion", "Part_1.py"], "setup": {"duration": 0.00010949999999998461, "outcome": "passed"}, "call": {"duration": 7.87079999999829e-05, "outcome": "passed"}, "teardown": {"duration": 8.520800000000328e-05, "outcome": "passed"}}, {"nodeid": "tests/Part_2/Part_2.py::test_part2_working_normally", "lineno": 9, "outcome": "passed", "keywords": ["tests/Part_2/__init__.py", "timeout", "Part_2.py", "pytestmark", "ds-sa-recursion", "test_part2_working_normally"], "setup": {"duration": 0.00045633300000003096, "outcome": "passed"}, "call": {"duration": 0.00011054199999999126, "outcome": "passed"}, "teardown": {"duration": 8.60000000000305e-05, "outcome": "passed"}}, {"nodeid": "tests/Part_2/Part_2.py::test_part2_class_methods", "lineno": 31, "outcome": "passed", "keywords": ["tests/Part_2/__init__.py", "test_part2_class_methods", "Part_2.py", "timeout", "pytestmark", "ds-sa-recursion"], "setup": {"duration": 0.0001128340000000061, "outcome": "passed"}, "call": {"duration": 0.0001111249999999897, "outcome": "passed"}, "teardown": {"duration": 8.766599999998625e-05, "outcome": "passed"}}, {"nodeid": "tests/Part_3/Part_3.py::test_part3_working_normally", "lineno": 9, "outcome": "passed", "keywords": ["Part_3.py", "tests/Part_3/__init__.py", "ds-sa-recursion", "test_part3_working_normally"], "setup": {"duration": 0.000417417000000031, "outcome": "passed"}, "call": {"duration": 0.00010775000000001755, "outcome": "passed"}, "teardown": {"duration": 8.508299999998581e-05, "outcome": "passed"}}, {"nodeid": "tests/Part_3/Part_3.py::test_part3_is_recursion", "lineno": 21, "outcome": "passed", "keywords": ["Part_3.py", "tests/Part_3/__init__.py", "ds-sa-recursion", "test_part3_is_recursion"], "setup": {"duration": 0.00010708300000000781, "outcome": "passed"}, "call": {"duration": 0.00014737500000000514, "outcome": "passed", "stdout": "29\n"}, "teardown": {"duration": 8.724999999998317e-05, "outcome": "passed"}}]}